,accession,tax_id,organism,scientific_name,taxonomy,lineage,division
AAA42977.1,AAA42977.1,186538,Zaire ebolavirus,Zaire ebolavirus,Viruses; Riboviria; Orthornavirae; Negarnaviricota; Haploviricotina; Monjiviricetes; Mononegavirales; Filoviridae; Orthoebolavirus; Orthoebolavirus zairense,Viruses; Riboviria; Orthornavirae; Negarnaviricota; Haploviricotina; Monjiviricetes; Mononegavirales; Filoviridae; Orthoebolavirus; Orthoebolavirus zairense,VRL
AAA46563.1,AAA46563.1,3052505,Orthomarburgvirus marburgense,Orthomarburgvirus marburgense,Viruses; Riboviria; Orthornavirae; Negarnaviricota; Haploviricotina; Monjiviricetes; Mononegavirales; Filoviridae; Orthomarburgvirus,Viruses; Riboviria; Orthornavirae; Negarnaviricota; Haploviricotina; Monjiviricetes; Mononegavirales; Filoviridae; Orthomarburgvirus,VRL
BAB69003.1,BAB69003.1,129003,Reston ebolavirus - Reston,Reston ebolavirus - Reston,Viruses; Riboviria; Orthornavirae; Negarnaviricota; Haploviricotina; Monjiviricetes; Mononegavirales; Filoviridae; Orthoebolavirus; Orthoebolavirus restonense,Viruses; Riboviria; Orthornavirae; Negarnaviricota; Haploviricotina; Monjiviricetes; Mononegavirales; Filoviridae; Orthoebolavirus; Orthoebolavirus restonense,VRL
AAU43883.1,AAU43883.1,186540,Sudan ebolavirus,Sudan ebolavirus,Viruses; Riboviria; Orthornavirae; Negarnaviricota; Haploviricotina; Monjiviricetes; Mononegavirales; Filoviridae; Orthoebolavirus; Orthoebolavirus sudanense,Viruses; Riboviria; Orthornavirae; Negarnaviricota; Haploviricotina; Monjiviricetes; Mononegavirales; Filoviridae; Orthoebolavirus; Orthoebolavirus sudanense,VRL
ACI28620.1,ACI28620.1,565995,Bundibugyo virus,Bundibugyo virus,Viruses; Riboviria; Orthornavirae; Negarnaviricota; Haploviricotina; Monjiviricetes; Mononegavirales; Filoviridae; Orthoebolavirus; Orthoebolavirus bundibugyoense,Viruses; Riboviria; Orthornavirae; Negarnaviricota; Haploviricotina; Monjiviricetes; Mononegavirales; Filoviridae; Orthoebolavirus; Orthoebolavirus bundibugyoense,VRL
YP_003815423.1,YP_003815423.1,186541,Tai Forest ebolavirus,Tai Forest ebolavirus,Viruses; Riboviria; Orthornavirae; Negarnaviricota; Haploviricotina; Monjiviricetes; Mononegavirales; Filoviridae; Orthoebolavirus; Orthoebolavirus taiense,Viruses; Riboviria; Orthornavirae; Negarnaviricota; Haploviricotina; Monjiviricetes; Mononegavirales; Filoviridae; Orthoebolavirus; Orthoebolavirus taiense,VRL
AER23671.1,AER23671.1,3052148,Cuevavirus lloviuense,Cuevavirus lloviuense,Viruses; Riboviria; Orthornavirae; Negarnaviricota; Haploviricotina; Monjiviricetes; Mononegavirales; Filoviridae; Cuevavirus,Viruses; Riboviria; Orthornavirae; Negarnaviricota; Haploviricotina; Monjiviricetes; Mononegavirales; Filoviridae; Cuevavirus,VRL
AKC35930.1,AKC35930.1,186538,Zaire ebolavirus,Zaire ebolavirus,Viruses; Riboviria; Orthornavirae; Negarnaviricota; Haploviricotina; Monjiviricetes; Mononegavirales; Filoviridae; Orthoebolavirus; Orthoebolavirus zairense,Viruses; Riboviria; Orthornavirae; Negarnaviricota; Haploviricotina; Monjiviricetes; Mononegavirales; Filoviridae; Orthoebolavirus; Orthoebolavirus zairense,VRL
AKC36407.1,AKC36407.1,186538,Zaire ebolavirus,Zaire ebolavirus,Viruses; Riboviria; Orthornavirae; Negarnaviricota; Haploviricotina; Monjiviricetes; Mononegavirales; Filoviridae; Orthoebolavirus; Orthoebolavirus zairense,Viruses; Riboviria; Orthornavirae; Negarnaviricota; Haploviricotina; Monjiviricetes; Mononegavirales; Filoviridae; Orthoebolavirus; Orthoebolavirus zairense,VRL
AKG65328.1,AKG65328.1,186538,Zaire ebolavirus,Zaire ebolavirus,Viruses; Riboviria; Orthornavirae; Negarnaviricota; Haploviricotina; Monjiviricetes; Mononegavirales; Filoviridae; Orthoebolavirus; Orthoebolavirus zairense,Viruses; Riboviria; Orthornavirae; Negarnaviricota; Haploviricotina; Monjiviricetes; Mononegavirales; Filoviridae; Orthoebolavirus; Orthoebolavirus zairense,VRL
AKU75255.1,AKU75255.1,186538,Zaire ebolavirus,Zaire ebolavirus,Viruses; Riboviria; Orthornavirae; Negarnaviricota; Haploviricotina; Monjiviricetes; Mononegavirales; Filoviridae; Orthoebolavirus; Orthoebolavirus zairense,Viruses; Riboviria; Orthornavirae; Negarnaviricota; Haploviricotina; Monjiviricetes; Mononegavirales; Filoviridae; Orthoebolavirus; Orthoebolavirus zairense,VRL
ALB07123.1,ALB07123.1,186538,Zaire ebolavirus,Zaire ebolavirus,Viruses; Riboviria; Orthornavirae; Negarnaviricota; Haploviricotina; Monjiviricetes; Mononegavirales; Filoviridae; Orthoebolavirus; Orthoebolavirus zairense,Viruses; Riboviria; Orthornavirae; Negarnaviricota; Haploviricotina; Monjiviricetes; Mononegavirales; Filoviridae; Orthoebolavirus; Orthoebolavirus zairense,VRL
ALG01105.1,ALG01105.1,186538,Zaire ebolavirus,Zaire ebolavirus,Viruses; Riboviria; Orthornavirae; Negarnaviricota; Haploviricotina; Monjiviricetes; Mononegavirales; Filoviridae; Orthoebolavirus; Orthoebolavirus zairense,Viruses; Riboviria; Orthornavirae; Negarnaviricota; Haploviricotina; Monjiviricetes; Mononegavirales; Filoviridae; Orthoebolavirus; Orthoebolavirus zairense,VRL
AMY60252.1,AMY60252.1,186538,Zaire ebolavirus,Zaire ebolavirus,Viruses; Riboviria; Orthornavirae; Negarnaviricota; Haploviricotina; Monjiviricetes; Mononegavirales; Filoviridae; Orthoebolavirus; Orthoebolavirus zairense,Viruses; Riboviria; Orthornavirae; Negarnaviricota; Haploviricotina; Monjiviricetes; Mononegavirales; Filoviridae; Orthoebolavirus; Orthoebolavirus zairense,VRL
AMY60342.1,AMY60342.1,186538,Zaire ebolavirus,Zaire ebolavirus,Viruses; Riboviria; Orthornavirae; Negarnaviricota; Haploviricotina; Monjiviricetes; Mononegavirales; Filoviridae; Orthoebolavirus; Orthoebolavirus zairense,Viruses; Riboviria; Orthornavirae; Negarnaviricota; Haploviricotina; Monjiviricetes; Mononegavirales; Filoviridae; Orthoebolavirus; Orthoebolavirus zairense,VRL
AND81212.1,AND81212.1,186538,Zaire ebolavirus,Zaire ebolavirus,Viruses; Riboviria; Orthornavirae; Negarnaviricota; Haploviricotina; Monjiviricetes; Mononegavirales; Filoviridae; Orthoebolavirus; Orthoebolavirus zairense,Viruses; Riboviria; Orthornavirae; Negarnaviricota; Haploviricotina; Monjiviricetes; Mononegavirales; Filoviridae; Orthoebolavirus; Orthoebolavirus zairense,VRL
ASJ82192.1,ASJ82192.1,2010960,Bombali virus,Bombali virus,Viruses; Riboviria; Orthornavirae; Negarnaviricota; Haploviricotina; Monjiviricetes; Mononegavirales; Filoviridae; Orthoebolavirus; Orthoebolavirus bombaliense,Viruses; Riboviria; Orthornavirae; Negarnaviricota; Haploviricotina; Monjiviricetes; Mononegavirales; Filoviridae; Orthoebolavirus; Orthoebolavirus bombaliense,VRL
AVM87232.1,AVM87232.1,2116487,Wenling frogfish filovirus,Wenling frogfish filovirus,Viruses; Riboviria; Orthornavirae; Negarnaviricota; Haploviricotina; Monjiviricetes; Mononegavirales; Filoviridae; Striavirus; Striavirus antennarii,Viruses; Riboviria; Orthornavirae; Negarnaviricota; Haploviricotina; Monjiviricetes; Mononegavirales; Filoviridae; Striavirus; Striavirus antennarii,VRL
AYP10372.1,AYP10372.1,186538,Zaire ebolavirus,Zaire ebolavirus,Viruses; Riboviria; Orthornavirae; Negarnaviricota; Haploviricotina; Monjiviricetes; Mononegavirales; Filoviridae; Orthoebolavirus; Orthoebolavirus zairense,Viruses; Riboviria; Orthornavirae; Negarnaviricota; Haploviricotina; Monjiviricetes; Mononegavirales; Filoviridae; Orthoebolavirus; Orthoebolavirus zairense,VRL
AYP10384.1,AYP10384.1,186538,Zaire ebolavirus,Zaire ebolavirus,Viruses; Riboviria; Orthornavirae; Negarnaviricota; Haploviricotina; Monjiviricetes; Mononegavirales; Filoviridae; Orthoebolavirus; Orthoebolavirus zairense,Viruses; Riboviria; Orthornavirae; Negarnaviricota; Haploviricotina; Monjiviricetes; Mononegavirales; Filoviridae; Orthoebolavirus; Orthoebolavirus zairense,VRL
AYP10402.1,AYP10402.1,186538,Zaire ebolavirus,Zaire ebolavirus,Viruses; Riboviria; Orthornavirae; Negarnaviricota; Haploviricotina; Monjiviricetes; Mononegavirales; Filoviridae; Orthoebolavirus; Orthoebolavirus zairense,Viruses; Riboviria; Orthornavirae; Negarnaviricota; Haploviricotina; Monjiviricetes; Mononegavirales; Filoviridae; Orthoebolavirus; Orthoebolavirus zairense,VRL
AYP10410.1,AYP10410.1,186538,Zaire ebolavirus,Zaire ebolavirus,Viruses; Riboviria; Orthornavirae; Negarnaviricota; Haploviricotina; Monjiviricetes; Mononegavirales; Filoviridae; Orthoebolavirus; Orthoebolavirus zairense,Viruses; Riboviria; Orthornavirae; Negarnaviricota; Haploviricotina; Monjiviricetes; Mononegavirales; Filoviridae; Orthoebolavirus; Orthoebolavirus zairense,VRL
AYP10417.1,AYP10417.1,186538,Zaire ebolavirus,Zaire ebolavirus,Viruses; Riboviria; Orthornavirae; Negarnaviricota; Haploviricotina; Monjiviricetes; Mononegavirales; Filoviridae; Orthoebolavirus; Orthoebolavirus zairense,Viruses; Riboviria; Orthornavirae; Negarnaviricota; Haploviricotina; Monjiviricetes; Mononegavirales; Filoviridae; Orthoebolavirus; Orthoebolavirus zairense,VRL
AYP10427.1,AYP10427.1,186538,Zaire ebolavirus,Zaire ebolavirus,Viruses; Riboviria; Orthornavirae; Negarnaviricota; Haploviricotina; Monjiviricetes; Mononegavirales; Filoviridae; Orthoebolavirus; Orthoebolavirus zairense,Viruses; Riboviria; Orthornavirae; Negarnaviricota; Haploviricotina; Monjiviricetes; Mononegavirales; Filoviridae; Orthoebolavirus; Orthoebolavirus zairense,VRL
AZL57167.1,AZL57167.1,186538,Zaire ebolavirus,Zaire ebolavirus,Viruses; Riboviria; Orthornavirae; Negarnaviricota; Haploviricotina; Monjiviricetes; Mononegavirales; Filoviridae; Orthoebolavirus; Orthoebolavirus zairense,Viruses; Riboviria; Orthornavirae; Negarnaviricota; Haploviricotina; Monjiviricetes; Mononegavirales; Filoviridae; Orthoebolavirus; Orthoebolavirus zairense,VRL
AZL57185.1,AZL57185.1,186538,Zaire ebolavirus,Zaire ebolavirus,Viruses; Riboviria; Orthornavirae; Negarnaviricota; Haploviricotina; Monjiviricetes; Mononegavirales; Filoviridae; Orthoebolavirus; Orthoebolavirus zairense,Viruses; Riboviria; Orthornavirae; Negarnaviricota; Haploviricotina; Monjiviricetes; Mononegavirales; Filoviridae; Orthoebolavirus; Orthoebolavirus zairense,VRL
QNL24148.1,QNL24148.1,186538,Zaire ebolavirus,Zaire ebolavirus,Viruses; Riboviria; Orthornavirae; Negarnaviricota; Haploviricotina; Monjiviricetes; Mononegavirales; Filoviridae; Orthoebolavirus; Orthoebolavirus zairense,Viruses; Riboviria; Orthornavirae; Negarnaviricota; Haploviricotina; Monjiviricetes; Mononegavirales; Filoviridae; Orthoebolavirus; Orthoebolavirus zairense,VRL
QNL24328.1,QNL24328.1,186538,Zaire ebolavirus,Zaire ebolavirus,Viruses; Riboviria; Orthornavirae; Negarnaviricota; Haploviricotina; Monjiviricetes; Mononegavirales; Filoviridae; Orthoebolavirus; Orthoebolavirus zairense,Viruses; Riboviria; Orthornavirae; Negarnaviricota; Haploviricotina; Monjiviricetes; Mononegavirales; Filoviridae; Orthoebolavirus; Orthoebolavirus zairense,VRL
QNL24355.1,QNL24355.1,186538,Zaire ebolavirus,Zaire ebolavirus,Viruses; Riboviria; Orthornavirae; Negarnaviricota; Haploviricotina; Monjiviricetes; Mononegavirales; Filoviridae; Orthoebolavirus; Orthoebolavirus zairense,Viruses; Riboviria; Orthornavirae; Negarnaviricota; Haploviricotina; Monjiviricetes; Mononegavirales; Filoviridae; Orthoebolavirus; Orthoebolavirus zairense,VRL
QNL24499.1,QNL24499.1,186538,Zaire ebolavirus,Zaire ebolavirus,Viruses; Riboviria; Orthornavirae; Negarnaviricota; Haploviricotina; Monjiviricetes; Mononegavirales; Filoviridae; Orthoebolavirus; Orthoebolavirus zairense,Viruses; Riboviria; Orthornavirae; Negarnaviricota; Haploviricotina; Monjiviricetes; Mononegavirales; Filoviridae; Orthoebolavirus; Orthoebolavirus zairense,VRL
QNL24652.1,QNL24652.1,186538,Zaire ebolavirus,Zaire ebolavirus,Viruses; Riboviria; Orthornavirae; Negarnaviricota; Haploviricotina; Monjiviricetes; Mononegavirales; Filoviridae; Orthoebolavirus; Orthoebolavirus zairense,Viruses; Riboviria; Orthornavirae; Negarnaviricota; Haploviricotina; Monjiviricetes; Mononegavirales; Filoviridae; Orthoebolavirus; Orthoebolavirus zairense,VRL
QNL24724.1,QNL24724.1,186538,Zaire ebolavirus,Zaire ebolavirus,Viruses; Riboviria; Orthornavirae; Negarnaviricota; Haploviricotina; Monjiviricetes; Mononegavirales; Filoviridae; Orthoebolavirus; Orthoebolavirus zairense,Viruses; Riboviria; Orthornavirae; Negarnaviricota; Haploviricotina; Monjiviricetes; Mononegavirales; Filoviridae; Orthoebolavirus; Orthoebolavirus zairense,VRL
QNL25075.1,QNL25075.1,186538,Zaire ebolavirus,Zaire ebolavirus,Viruses; Riboviria; Orthornavirae; Negarnaviricota; Haploviricotina; Monjiviricetes; Mononegavirales; Filoviridae; Orthoebolavirus; Orthoebolavirus zairense,Viruses; Riboviria; Orthornavirae; Negarnaviricota; Haploviricotina; Monjiviricetes; Mononegavirales; Filoviridae; Orthoebolavirus; Orthoebolavirus zairense,VRL
QNL25444.1,QNL25444.1,186538,Zaire ebolavirus,Zaire ebolavirus,Viruses; Riboviria; Orthornavirae; Negarnaviricota; Haploviricotina; Monjiviricetes; Mononegavirales; Filoviridae; Orthoebolavirus; Orthoebolavirus zairense,Viruses; Riboviria; Orthornavirae; Negarnaviricota; Haploviricotina; Monjiviricetes; Mononegavirales; Filoviridae; Orthoebolavirus; Orthoebolavirus zairense,VRL
QNL25534.1,QNL25534.1,186538,Zaire ebolavirus,Zaire ebolavirus,Viruses; Riboviria; Orthornavirae; Negarnaviricota; Haploviricotina; Monjiviricetes; Mononegavirales; Filoviridae; Orthoebolavirus; Orthoebolavirus zairense,Viruses; Riboviria; Orthornavirae; Negarnaviricota; Haploviricotina; Monjiviricetes; Mononegavirales; Filoviridae; Orthoebolavirus; Orthoebolavirus zairense,VRL
QNL26290.1,QNL26290.1,186538,Zaire ebolavirus,Zaire ebolavirus,Viruses; Riboviria; Orthornavirae; Negarnaviricota; Haploviricotina; Monjiviricetes; Mononegavirales; Filoviridae; Orthoebolavirus; Orthoebolavirus zairense,Viruses; Riboviria; Orthornavirae; Negarnaviricota; Haploviricotina; Monjiviricetes; Mononegavirales; Filoviridae; Orthoebolavirus; Orthoebolavirus zairense,VRL
QNL26299.1,QNL26299.1,186538,Zaire ebolavirus,Zaire ebolavirus,Viruses; Riboviria; Orthornavirae; Negarnaviricota; Haploviricotina; Monjiviricetes; Mononegavirales; Filoviridae; Orthoebolavirus; Orthoebolavirus zairense,Viruses; Riboviria; Orthornavirae; Negarnaviricota; Haploviricotina; Monjiviricetes; Mononegavirales; Filoviridae; Orthoebolavirus; Orthoebolavirus zairense,VRL
QNL26317.1,QNL26317.1,186538,Zaire ebolavirus,Zaire ebolavirus,Viruses; Riboviria; Orthornavirae; Negarnaviricota; Haploviricotina; Monjiviricetes; Mononegavirales; Filoviridae; Orthoebolavirus; Orthoebolavirus zairense,Viruses; Riboviria; Orthornavirae; Negarnaviricota; Haploviricotina; Monjiviricetes; Mononegavirales; Filoviridae; Orthoebolavirus; Orthoebolavirus zairense,VRL
QNL26497.1,QNL26497.1,186538,Zaire ebolavirus,Zaire ebolavirus,Viruses; Riboviria; Orthornavirae; Negarnaviricota; Haploviricotina; Monjiviricetes; Mononegavirales; Filoviridae; Orthoebolavirus; Orthoebolavirus zairense,Viruses; Riboviria; Orthornavirae; Negarnaviricota; Haploviricotina; Monjiviricetes; Mononegavirales; Filoviridae; Orthoebolavirus; Orthoebolavirus zairense,VRL
QNL26704.1,QNL26704.1,186538,Zaire ebolavirus,Zaire ebolavirus,Viruses; Riboviria; Orthornavirae; Negarnaviricota; Haploviricotina; Monjiviricetes; Mononegavirales; Filoviridae; Orthoebolavirus; Orthoebolavirus zairense,Viruses; Riboviria; Orthornavirae; Negarnaviricota; Haploviricotina; Monjiviricetes; Mononegavirales; Filoviridae; Orthoebolavirus; Orthoebolavirus zairense,VRL
QNL27262.1,QNL27262.1,186538,Zaire ebolavirus,Zaire ebolavirus,Viruses; Riboviria; Orthornavirae; Negarnaviricota; Haploviricotina; Monjiviricetes; Mononegavirales; Filoviridae; Orthoebolavirus; Orthoebolavirus zairense,Viruses; Riboviria; Orthornavirae; Negarnaviricota; Haploviricotina; Monjiviricetes; Mononegavirales; Filoviridae; Orthoebolavirus; Orthoebolavirus zairense,VRL
QNL27298.1,QNL27298.1,186538,Zaire ebolavirus,Zaire ebolavirus,Viruses; Riboviria; Orthornavirae; Negarnaviricota; Haploviricotina; Monjiviricetes; Mononegavirales; Filoviridae; Orthoebolavirus; Orthoebolavirus zairense,Viruses; Riboviria; Orthornavirae; Negarnaviricota; Haploviricotina; Monjiviricetes; Mononegavirales; Filoviridae; Orthoebolavirus; Orthoebolavirus zairense,VRL
QNL27730.1,QNL27730.1,186538,Zaire ebolavirus,Zaire ebolavirus,Viruses; Riboviria; Orthornavirae; Negarnaviricota; Haploviricotina; Monjiviricetes; Mononegavirales; Filoviridae; Orthoebolavirus; Orthoebolavirus zairense,Viruses; Riboviria; Orthornavirae; Negarnaviricota; Haploviricotina; Monjiviricetes; Mononegavirales; Filoviridae; Orthoebolavirus; Orthoebolavirus zairense,VRL
QNL27793.1,QNL27793.1,186538,Zaire ebolavirus,Zaire ebolavirus,Viruses; Riboviria; Orthornavirae; Negarnaviricota; Haploviricotina; Monjiviricetes; Mononegavirales; Filoviridae; Orthoebolavirus; Orthoebolavirus zairense,Viruses; Riboviria; Orthornavirae; Negarnaviricota; Haploviricotina; Monjiviricetes; Mononegavirales; Filoviridae; Orthoebolavirus; Orthoebolavirus zairense,VRL
QNL27811.1,QNL27811.1,186538,Zaire ebolavirus,Zaire ebolavirus,Viruses; Riboviria; Orthornavirae; Negarnaviricota; Haploviricotina; Monjiviricetes; Mononegavirales; Filoviridae; Orthoebolavirus; Orthoebolavirus zairense,Viruses; Riboviria; Orthornavirae; Negarnaviricota; Haploviricotina; Monjiviricetes; Mononegavirales; Filoviridae; Orthoebolavirus; Orthoebolavirus zairense,VRL
QNL27856.1,QNL27856.1,186538,Zaire ebolavirus,Zaire ebolavirus,Viruses; Riboviria; Orthornavirae; Negarnaviricota; Haploviricotina; Monjiviricetes; Mononegavirales; Filoviridae; Orthoebolavirus; Orthoebolavirus zairense,Viruses; Riboviria; Orthornavirae; Negarnaviricota; Haploviricotina; Monjiviricetes; Mononegavirales; Filoviridae; Orthoebolavirus; Orthoebolavirus zairense,VRL
QNL28296.1,QNL28296.1,186538,Zaire ebolavirus,Zaire ebolavirus,Viruses; Riboviria; Orthornavirae; Negarnaviricota; Haploviricotina; Monjiviricetes; Mononegavirales; Filoviridae; Orthoebolavirus; Orthoebolavirus zairense,Viruses; Riboviria; Orthornavirae; Negarnaviricota; Haploviricotina; Monjiviricetes; Mononegavirales; Filoviridae; Orthoebolavirus; Orthoebolavirus zairense,VRL
QNL28314.1,QNL28314.1,186538,Zaire ebolavirus,Zaire ebolavirus,Viruses; Riboviria; Orthornavirae; Negarnaviricota; Haploviricotina; Monjiviricetes; Mononegavirales; Filoviridae; Orthoebolavirus; Orthoebolavirus zairense,Viruses; Riboviria; Orthornavirae; Negarnaviricota; Haploviricotina; Monjiviricetes; Mononegavirales; Filoviridae; Orthoebolavirus; Orthoebolavirus zairense,VRL
QNL28431.1,QNL28431.1,186538,Zaire ebolavirus,Zaire ebolavirus,Viruses; Riboviria; Orthornavirae; Negarnaviricota; Haploviricotina; Monjiviricetes; Mononegavirales; Filoviridae; Orthoebolavirus; Orthoebolavirus zairense,Viruses; Riboviria; Orthornavirae; Negarnaviricota; Haploviricotina; Monjiviricetes; Mononegavirales; Filoviridae; Orthoebolavirus; Orthoebolavirus zairense,VRL
QNL28700.1,QNL28700.1,186538,Zaire ebolavirus,Zaire ebolavirus,Viruses; Riboviria; Orthornavirae; Negarnaviricota; Haploviricotina; Monjiviricetes; Mononegavirales; Filoviridae; Orthoebolavirus; Orthoebolavirus zairense,Viruses; Riboviria; Orthornavirae; Negarnaviricota; Haploviricotina; Monjiviricetes; Mononegavirales; Filoviridae; Orthoebolavirus; Orthoebolavirus zairense,VRL
QNL28988.1,QNL28988.1,186538,Zaire ebolavirus,Zaire ebolavirus,Viruses; Riboviria; Orthornavirae; Negarnaviricota; Haploviricotina; Monjiviricetes; Mononegavirales; Filoviridae; Orthoebolavirus; Orthoebolavirus zairense,Viruses; Riboviria; Orthornavirae; Negarnaviricota; Haploviricotina; Monjiviricetes; Mononegavirales; Filoviridae; Orthoebolavirus; Orthoebolavirus zairense,VRL
QNL29042.1,QNL29042.1,186538,Zaire ebolavirus,Zaire ebolavirus,Viruses; Riboviria; Orthornavirae; Negarnaviricota; Haploviricotina; Monjiviricetes; Mononegavirales; Filoviridae; Orthoebolavirus; Orthoebolavirus zairense,Viruses; Riboviria; Orthornavirae; Negarnaviricota; Haploviricotina; Monjiviricetes; Mononegavirales; Filoviridae; Orthoebolavirus; Orthoebolavirus zairense,VRL
QUJ10607.1,QUJ10607.1,186538,Zaire ebolavirus,Zaire ebolavirus,Viruses; Riboviria; Orthornavirae; Negarnaviricota; Haploviricotina; Monjiviricetes; Mononegavirales; Filoviridae; Orthoebolavirus; Orthoebolavirus zairense,Viruses; Riboviria; Orthornavirae; Negarnaviricota; Haploviricotina; Monjiviricetes; Mononegavirales; Filoviridae; Orthoebolavirus; Orthoebolavirus zairense,VRL
QUJ10616.1,QUJ10616.1,186538,Zaire ebolavirus,Zaire ebolavirus,Viruses; Riboviria; Orthornavirae; Negarnaviricota; Haploviricotina; Monjiviricetes; Mononegavirales; Filoviridae; Orthoebolavirus; Orthoebolavirus zairense,Viruses; Riboviria; Orthornavirae; Negarnaviricota; Haploviricotina; Monjiviricetes; Mononegavirales; Filoviridae; Orthoebolavirus; Orthoebolavirus zairense,VRL
QYR85151.1,QYR85151.1,186538,Zaire ebolavirus,Zaire ebolavirus,Viruses; Riboviria; Orthornavirae; Negarnaviricota; Haploviricotina; Monjiviricetes; Mononegavirales; Filoviridae; Orthoebolavirus; Orthoebolavirus zairense,Viruses; Riboviria; Orthornavirae; Negarnaviricota; Haploviricotina; Monjiviricetes; Mononegavirales; Filoviridae; Orthoebolavirus; Orthoebolavirus zairense,VRL
QYR85439.1,QYR85439.1,186538,Zaire ebolavirus,Zaire ebolavirus,Viruses; Riboviria; Orthornavirae; Negarnaviricota; Haploviricotina; Monjiviricetes; Mononegavirales; Filoviridae; Orthoebolavirus; Orthoebolavirus zairense,Viruses; Riboviria; Orthornavirae; Negarnaviricota; Haploviricotina; Monjiviricetes; Mononegavirales; Filoviridae; Orthoebolavirus; Orthoebolavirus zairense,VRL
QYR85547.1,QYR85547.1,186538,Zaire ebolavirus,Zaire ebolavirus,Viruses; Riboviria; Orthornavirae; Negarnaviricota; Haploviricotina; Monjiviricetes; Mononegavirales; Filoviridae; Orthoebolavirus; Orthoebolavirus zairense,Viruses; Riboviria; Orthornavirae; Negarnaviricota; Haploviricotina; Monjiviricetes; Mononegavirales; Filoviridae; Orthoebolavirus; Orthoebolavirus zairense,VRL
QYR85646.1,QYR85646.1,186538,Zaire ebolavirus,Zaire ebolavirus,Viruses; Riboviria; Orthornavirae; Negarnaviricota; Haploviricotina; Monjiviricetes; Mononegavirales; Filoviridae; Orthoebolavirus; Orthoebolavirus zairense,Viruses; Riboviria; Orthornavirae; Negarnaviricota; Haploviricotina; Monjiviricetes; Mononegavirales; Filoviridae; Orthoebolavirus; Orthoebolavirus zairense,VRL
QYR86114.1,QYR86114.1,186538,Zaire ebolavirus,Zaire ebolavirus,Viruses; Riboviria; Orthornavirae; Negarnaviricota; Haploviricotina; Monjiviricetes; Mononegavirales; Filoviridae; Orthoebolavirus; Orthoebolavirus zairense,Viruses; Riboviria; Orthornavirae; Negarnaviricota; Haploviricotina; Monjiviricetes; Mononegavirales; Filoviridae; Orthoebolavirus; Orthoebolavirus zairense,VRL
QYR86177.1,QYR86177.1,186538,Zaire ebolavirus,Zaire ebolavirus,Viruses; Riboviria; Orthornavirae; Negarnaviricota; Haploviricotina; Monjiviricetes; Mononegavirales; Filoviridae; Orthoebolavirus; Orthoebolavirus zairense,Viruses; Riboviria; Orthornavirae; Negarnaviricota; Haploviricotina; Monjiviricetes; Mononegavirales; Filoviridae; Orthoebolavirus; Orthoebolavirus zairense,VRL
QYR86240.1,QYR86240.1,186538,Zaire ebolavirus,Zaire ebolavirus,Viruses; Riboviria; Orthornavirae; Negarnaviricota; Haploviricotina; Monjiviricetes; Mononegavirales; Filoviridae; Orthoebolavirus; Orthoebolavirus zairense,Viruses; Riboviria; Orthornavirae; Negarnaviricota; Haploviricotina; Monjiviricetes; Mononegavirales; Filoviridae; Orthoebolavirus; Orthoebolavirus zairense,VRL
QYR86528.1,QYR86528.1,186538,Zaire ebolavirus,Zaire ebolavirus,Viruses; Riboviria; Orthornavirae; Negarnaviricota; Haploviricotina; Monjiviricetes; Mononegavirales; Filoviridae; Orthoebolavirus; Orthoebolavirus zairense,Viruses; Riboviria; Orthornavirae; Negarnaviricota; Haploviricotina; Monjiviricetes; Mononegavirales; Filoviridae; Orthoebolavirus; Orthoebolavirus zairense,VRL
QYR86627.1,QYR86627.1,186538,Zaire ebolavirus,Zaire ebolavirus,Viruses; Riboviria; Orthornavirae; Negarnaviricota; Haploviricotina; Monjiviricetes; Mononegavirales; Filoviridae; Orthoebolavirus; Orthoebolavirus zairense,Viruses; Riboviria; Orthornavirae; Negarnaviricota; Haploviricotina; Monjiviricetes; Mononegavirales; Filoviridae; Orthoebolavirus; Orthoebolavirus zairense,VRL
QYR86843.1,QYR86843.1,186538,Zaire ebolavirus,Zaire ebolavirus,Viruses; Riboviria; Orthornavirae; Negarnaviricota; Haploviricotina; Monjiviricetes; Mononegavirales; Filoviridae; Orthoebolavirus; Orthoebolavirus zairense,Viruses; Riboviria; Orthornavirae; Negarnaviricota; Haploviricotina; Monjiviricetes; Mononegavirales; Filoviridae; Orthoebolavirus; Orthoebolavirus zairense,VRL
QYR86861.1,QYR86861.1,186538,Zaire ebolavirus,Zaire ebolavirus,Viruses; Riboviria; Orthornavirae; Negarnaviricota; Haploviricotina; Monjiviricetes; Mononegavirales; Filoviridae; Orthoebolavirus; Orthoebolavirus zairense,Viruses; Riboviria; Orthornavirae; Negarnaviricota; Haploviricotina; Monjiviricetes; Mononegavirales; Filoviridae; Orthoebolavirus; Orthoebolavirus zairense,VRL
YP_010798906.1,YP_010798906.1,2840185,Tapajos virus,Tapajos virus,Viruses; Riboviria; Orthornavirae; Negarnaviricota; Haploviricotina; Monjiviricetes; Mononegavirales; Filoviridae; Tapjovirus; Tapjovirus bothropis,Viruses; Riboviria; Orthornavirae; Negarnaviricota; Haploviricotina; Monjiviricetes; Mononegavirales; Filoviridae; Tapjovirus; Tapjovirus bothropis,VRL
