model_name,dataset_name,num_sequences,total_residues,wall_time_seconds,sequences_per_second,residues_per_second,peak_vram_gb,device,repetition
colabfold,subset_10.fasta,10,2996,622.4586094040424,0.01606532522632188,4.8131714378060355,0.0,cuda,1
colabfold,subset_50.fasta,50,14812,1953.1593072917312,0.02559955033536433,7.583610791348329,0.0,cuda,1
colabfold,bin_L100.fasta,32,3214,120.57117623602971,0.2654033990458624,26.656453891668807,0.0,cuda,1
colabfold,bin_L200.fasta,32,6402,183.67748258821666,0.17421841561134763,34.85457177324524,0.0,cuda,1
colabfold,bin_L300.fasta,32,9596,290.0657744319178,0.11031980612904338,33.08215186294688,0.0,cuda,1
colabfold,bin_L400.fasta,32,12796,423.5105740153231,0.07555891626649729,30.214121642065606,0.0,cuda,1
colabfold,bin_L500.fasta,32,15980,598.1733367280103,0.05349619923722948,26.714664494091473,0.0,cuda,1
esm3di,bin_L100.fasta,32,3214,7.178062580060214,4.458027447251869,447.7531317333596,1.2872376441955566,cuda,1
esm3di,bin_L200.fasta,32,6402,7.520290865097195,4.25515456436889,851.2968600340512,1.2872376441955566,cuda,1
esm3di,bin_L300.fasta,32,9596,7.581790993921459,4.220638636129026,1265.6640110091917,1.2872376441955566,cuda,1
esm3di,bin_L400.fasta,32,12796,7.709437089040875,4.150757004747942,1659.7839572735834,1.2872376441955566,cuda,1
esm3di,bin_L500.fasta,32,15980,8.131794978864491,3.9351705353088504,1965.1257860698572,1.2872376441955566,cuda,1
esm3di,bin_L600.fasta,32,19215,8.270086556207389,3.869366999065002,2323.4339652198128,1.2872376441955566,cuda,1
esm3di,bin_L700.fasta,32,22391,8.614575687795877,3.714634493876913,2599.199404762436,1.2872376441955566,cuda,1
esm3di,bin_L800.fasta,32,25584,9.86434522503987,3.2440064971337885,2593.583194458464,1.2872376441955566,cuda,1
esm3di,bin_L900.fasta,32,28834,9.2614899831824,3.4551675873004912,3113.321944131949,1.2872376441955566,cuda,1
esm3di,bin_L1000.fasta,32,31975,11.868577923625708,2.6961949616811705,2694.088559367357,1.2872376441955566,cuda,1
prostt5,bin_L100.fasta,32,3214,1.9633959168568254,16.298292018060412,1636.9597045639425,0.0,cuda,1
prostt5,bin_L200.fasta,32,6402,2.211667960975319,14.46871798327647,2894.6478915292487,0.0,cuda,1
prostt5,bin_L300.fasta,32,9596,2.7981416010297835,11.436161768304803,3429.419010270403,0.0,cuda,1
prostt5,bin_L400.fasta,32,12796,3.7574314549565315,8.51645609071269,3405.517879273737,0.0,cuda,1
prostt5,bin_L500.fasta,32,15980,4.45979634905234,7.175215524538395,3583.123252566361,0.0,cuda,1
prostt5,bin_L600.fasta,32,19215,5.54214394884184,5.77393880335554,3467.0698158273967,0.0,cuda,1
prostt5,bin_L700.fasta,32,22391,6.718547516968101,4.762934238268324,3332.7143915333136,0.0,cuda,1
prostt5,bin_L800.fasta,32,25584,8.123815552797168,3.939035763679033,3149.259093061387,0.0,cuda,1
prostt5,bin_L900.fasta,32,28834,9.457829297985882,3.3834402156967083,3048.6910993562155,0.0,cuda,1
prostt5,bin_L1000.fasta,32,31975,10.767862235195935,2.971806223096401,2969.4844994846067,0.0,cuda,1
