sequence_id	position	aa	perplexity
d12asa_	1	A	1.006295
d12asa_	2	Y	3.123852
d12asa_	3	I	2.165874
d12asa_	4	A	1.429541
d12asa_	5	K	1.530072
d12asa_	6	Q	2.360585
d12asa_	7	R	1.183702
d12asa_	8	Q	1.739797
d12asa_	9	I	1.539067
d12asa_	10	S	1.733712
d12asa_	11	F	2.961539
d12asa_	12	V	1.135252
d12asa_	13	K	3.096189
d12asa_	14	S	1.192481
d12asa_	15	H	2.097285
d12asa_	16	F	1.060279
d12asa_	17	S	1.625369
d12asa_	18	R	1.141025
d12asa_	19	Q	2.379934
d12asa_	20	L	1.351448
d12asa_	21	E	1.227298
d12asa_	22	E	1.074193
d12asa_	23	R	2.228355
d12asa_	24	L	2.388980
d12asa_	25	G	1.357631
d12asa_	26	L	3.983720
d12asa_	27	I	4.166630
d12asa_	28	E	5.280756
d12asa_	29	V	3.206753
d12asa_	30	Q	4.023523
d12asa_	31	A	3.230179
d12asa_	32	P	4.614114
d12asa_	33	I	4.974086
d12asa_	34	L	4.308283
d12asa_	35	S	3.525436
d12asa_	36	R	4.495215
d12asa_	37	V	4.248886
d12asa_	38	G	3.713038
d12asa_	39	D	9.288177
d12asa_	40	G	7.771370
d12asa_	41	T	8.356016
d12asa_	42	Q	7.859307
d12asa_	43	D	8.018269
d12asa_	44	N	5.684948
d12asa_	45	L	7.930024
d12asa_	46	S	7.060117
d12asa_	47	G	6.617398
d12asa_	48	A	6.562870
d12asa_	49	E	9.707252
d12asa_	50	K	7.896782
d12asa_	51	A	2.946570
d12asa_	52	V	1.688301
d12asa_	53	Q	1.722835
d12asa_	54	V	2.895089
d12asa_	55	K	5.050223
d12asa_	56	V	4.925486
d12asa_	57	K	3.491320
d12asa_	58	A	4.264800
d12asa_	59	L	7.362085
d12asa_	60	P	5.882257
d12asa_	61	D	4.983497
d12asa_	62	A	8.053070
d12asa_	63	Q	2.300515
d12asa_	64	F	4.952194
d12asa_	65	E	3.710486
d12asa_	66	V	10.185754
d12asa_	67	V	7.183505
d12asa_	68	H	10.702093
d12asa_	69	S	5.408844
d12asa_	70	L	6.778049
d12asa_	71	A	3.724536
d12asa_	72	K	4.630198
d12asa_	73	W	4.119493
d12asa_	74	K	4.685906
d12asa_	75	R	4.413064
d12asa_	76	Q	2.721531
d12asa_	77	T	3.395248
d12asa_	78	L	1.879319
d12asa_	79	G	2.178210
d12asa_	80	Q	1.736557
d12asa_	81	H	4.035093
d12asa_	82	D	1.506044
d12asa_	83	F	3.998024
d12asa_	84	S	2.101710
d12asa_	85	A	8.140558
d12asa_	86	G	6.809247
d12asa_	87	E	3.000205
d12asa_	88	G	6.561061
d12asa_	89	L	1.116984
d12asa_	90	Y	6.135020
d12asa_	91	T	2.704799
d12asa_	92	H	8.234869
d12asa_	93	M	11.765650
d12asa_	94	K	6.453155
d12asa_	95	A	6.427004
d12asa_	96	L	8.942225
d12asa_	97	R	6.085223
d12asa_	98	P	11.580473
d12asa_	99	D	8.071019
d12asa_	100	E	7.886357
d12asa_	101	D	7.920623
d12asa_	102	R	7.113191
d12asa_	103	L	7.634762
d12asa_	104	S	3.586510
d12asa_	105	P	4.259315
d12asa_	106	L	4.323889
d12asa_	107	H	7.639629
d12asa_	108	S	8.761756
d12asa_	109	V	5.822926
d12asa_	110	Y	10.837749
d12asa_	111	V	8.696310
d12asa_	112	D	6.441239
d12asa_	113	Q	8.051561
d12asa_	114	W	2.736972
d12asa_	115	D	9.260988
d12asa_	116	W	2.347195
d12asa_	117	E	4.325652
d12asa_	118	R	3.625884
d12asa_	119	V	7.476199
d12asa_	120	M	6.412734
d12asa_	121	G	6.524675
d12asa_	122	D	6.540647
d12asa_	123	G	2.193188
d12asa_	124	E	6.586639
d12asa_	125	R	6.825895
d12asa_	126	Q	2.606977
d12asa_	127	F	3.854197
d12asa_	128	S	1.199205
d12asa_	129	T	4.010890
d12asa_	130	L	2.310467
d12asa_	131	K	1.203429
d12asa_	132	S	1.897452
d12asa_	133	T	1.484115
d12asa_	134	V	2.929403
d12asa_	135	E	1.257079
d12asa_	136	A	1.094759
d12asa_	137	I	2.171437
d12asa_	138	W	2.496731
d12asa_	139	A	1.185550
d12asa_	140	G	1.174673
d12asa_	141	I	4.463872
d12asa_	142	K	1.868583
d12asa_	143	A	1.210678
d12asa_	144	T	3.550016
d12asa_	145	E	3.638296
d12asa_	146	A	1.126519
d12asa_	147	A	1.125184
d12asa_	148	V	4.076684
d12asa_	149	S	1.180017
d12asa_	150	E	1.069639
d12asa_	151	E	1.541005
d12asa_	152	F	4.022302
d12asa_	153	G	1.602566
d12asa_	154	L	4.995919
d12asa_	155	A	7.986679
d12asa_	156	P	6.946388
d12asa_	157	F	6.105579
d12asa_	158	L	5.199008
d12asa_	159	P	3.718929
d12asa_	160	D	9.448084
d12asa_	161	Q	5.892389
d12asa_	162	I	3.501301
d12asa_	163	H	4.009747
d12asa_	164	F	1.550957
d12asa_	165	V	2.044303
d12asa_	166	H	4.146398
d12asa_	167	S	2.712554
d12asa_	168	Q	2.514681
d12asa_	169	E	1.849163
d12asa_	170	L	1.777176
d12asa_	171	L	1.140732
d12asa_	172	S	1.119075
d12asa_	173	R	1.201804
d12asa_	174	Y	4.105546
d12asa_	175	P	1.382066
d12asa_	176	D	1.915287
d12asa_	177	L	2.209880
d12asa_	178	D	2.020897
d12asa_	179	A	4.906569
d12asa_	180	K	3.507518
d12asa_	181	G	3.073442
d12asa_	182	R	2.843761
d12asa_	183	E	2.164953
d12asa_	184	R	2.785798
d12asa_	185	A	1.775146
d12asa_	186	I	3.016711
d12asa_	187	A	1.344085
d12asa_	188	K	1.424627
d12asa_	189	D	2.088428
d12asa_	190	L	5.114411
d12asa_	191	G	3.691372
d12asa_	192	A	5.451015
d12asa_	193	V	3.964959
d12asa_	194	F	4.153285
d12asa_	195	L	6.207401
d12asa_	196	V	5.377251
d12asa_	197	G	12.192568
d12asa_	198	I	10.869240
d12asa_	199	G	12.443475
d12asa_	200	G	11.043728
d12asa_	201	K	9.345473
d12asa_	202	L	9.116021
d12asa_	203	S	4.989822
d12asa_	204	D	3.647773
d12asa_	205	G	5.776890
d12asa_	206	H	5.184299
d12asa_	207	R	6.839733
d12asa_	208	H	7.838253
d12asa_	209	D	10.048733
d12asa_	210	V	8.493670
d12asa_	211	R	8.435515
d12asa_	212	A	11.173545
d12asa_	213	P	6.773042
d12asa_	214	D	9.802104
d12asa_	215	Y	11.165165
d12asa_	216	D	7.711422
d12asa_	217	D	7.358723
d12asa_	218	W	10.745563
d12asa_	219	S	10.295466
d12asa_	220	T	6.873433
d12asa_	221	P	4.198093
d12asa_	222	S	2.510574
d12asa_	223	E	2.319576
d12asa_	224	L	4.036486
d12asa_	225	G	7.836996
d12asa_	226	H	8.633606
d12asa_	227	A	9.135736
d12asa_	228	G	8.550465
d12asa_	229	L	10.065287
d12asa_	230	N	10.036507
d12asa_	231	G	7.910606
d12asa_	232	D	2.654936
d12asa_	233	I	3.138394
d12asa_	234	L	1.229603
d12asa_	235	V	3.325031
d12asa_	236	W	2.534294
d12asa_	237	N	4.401355
d12asa_	238	P	3.567331
d12asa_	239	V	3.670711
d12asa_	240	L	1.936568
d12asa_	241	E	3.313889
d12asa_	242	D	2.417728
d12asa_	243	A	1.861771
d12asa_	244	F	4.133041
d12asa_	245	E	1.911374
d12asa_	246	L	7.489465
d12asa_	247	S	5.823291
d12asa_	248	S	13.782294
d12asa_	249	M	11.444740
d12asa_	250	G	8.861123
d12asa_	251	I	11.047237
d12asa_	252	R	7.418674
d12asa_	253	V	9.877686
d12asa_	254	D	4.210032
d12asa_	255	A	2.309486
d12asa_	256	D	1.328490
d12asa_	257	T	3.967506
d12asa_	258	L	4.800088
d12asa_	259	K	2.224924
d12asa_	260	H	2.212927
d12asa_	261	Q	3.687638
d12asa_	262	L	1.334712
d12asa_	263	A	1.071619
d12asa_	264	L	3.640493
d12asa_	265	T	4.244359
d12asa_	266	G	1.381248
d12asa_	267	D	3.062259
d12asa_	268	E	2.846813
d12asa_	269	D	1.826747
d12asa_	270	R	4.839781
d12asa_	271	L	1.744269
d12asa_	272	E	2.390805
d12asa_	273	L	5.681659
d12asa_	274	E	1.991561
d12asa_	275	W	2.808452
d12asa_	276	H	2.493032
d12asa_	277	Q	1.232481
d12asa_	278	A	1.095374
d12asa_	279	L	3.792025
d12asa_	280	L	3.336725
d12asa_	281	R	1.298183
d12asa_	282	G	2.696437
d12asa_	283	E	3.555663
d12asa_	284	M	4.567206
d12asa_	285	P	5.337113
d12asa_	286	Q	3.016039
d12asa_	287	T	4.753252
d12asa_	288	I	4.780400
d12asa_	289	G	4.489344
d12asa_	290	G	5.988898
d12asa_	291	G	5.545079
d12asa_	292	I	10.620353
d12asa_	293	G	8.288064
d12asa_	294	Q	2.291951
d12asa_	295	S	5.048108
d12asa_	296	R	3.236923
d12asa_	297	L	3.185461
d12asa_	298	T	1.600130
d12asa_	299	M	1.272113
d12asa_	300	L	3.633569
d12asa_	301	L	3.642505
d12asa_	302	L	4.064441
d12asa_	303	Q	2.181179
d12asa_	304	L	5.204983
d12asa_	305	P	7.729675
d12asa_	306	H	5.650259
d12asa_	307	I	5.340831
d12asa_	308	G	7.123683
d12asa_	309	Q	7.481049
d12asa_	310	V	9.235444
d12asa_	311	Q	8.215306
d12asa_	312	A	9.257600
d12asa_	313	G	6.764758
d12asa_	314	V	7.982814
d12asa_	315	W	4.405870
d12asa_	316	P	1.567614
d12asa_	317	A	1.660521
d12asa_	318	A	1.445997
d12asa_	319	V	4.131327
d12asa_	320	R	4.925987
d12asa_	321	E	1.413200
d12asa_	322	S	3.120642
d12asa_	323	V	6.962103
d12asa_	324	P	5.966610
d12asa_	325	S	8.820142
d12asa_	326	L	6.460831
d12asa_	327	L	1.031997
d16vpa_	1	S	1.022406
d16vpa_	2	R	4.973055
d16vpa_	3	M	4.384765
d16vpa_	4	P	4.213746
d16vpa_	5	S	4.855550
d16vpa_	6	P	3.798817
d16vpa_	7	P	4.681478
d16vpa_	8	M	5.254790
d16vpa_	9	P	4.608806
d16vpa_	10	V	4.759831
d16vpa_	11	P	4.466508
d16vpa_	12	P	5.593414
d16vpa_	13	A	4.816062
d16vpa_	14	A	3.207148
d16vpa_	15	L	3.515615
d16vpa_	16	F	3.244947
d16vpa_	17	N	3.574959
d16vpa_	18	R	2.308476
d16vpa_	19	L	3.108910
d16vpa_	20	L	3.459411
d16vpa_	21	D	1.892033
d16vpa_	22	D	3.718775
d16vpa_	23	L	4.168777
d16vpa_	24	G	5.176501
d16vpa_	25	F	11.024565
d16vpa_	26	S	9.294054
d16vpa_	27	A	9.935240
d16vpa_	28	G	8.785067
d16vpa_	29	P	6.026911
d16vpa_	30	A	5.082757
d16vpa_	31	L	4.902596
d16vpa_	32	C	5.686090
d16vpa_	33	T	3.188634
d16vpa_	34	M	5.368259
d16vpa_	35	L	5.456416
d16vpa_	36	D	4.253270
d16vpa_	37	T	5.737633
d16vpa_	38	W	7.684670
d16vpa_	39	N	6.316848
d16vpa_	40	E	6.498079
d16vpa_	41	D	5.775703
d16vpa_	42	L	6.674281
d16vpa_	43	F	7.585707
d16vpa_	44	S	4.383898
d16vpa_	45	A	7.630080
d16vpa_	46	L	7.419853
d16vpa_	47	P	4.175056
d16vpa_	48	T	8.012171
d16vpa_	49	N	6.468801
d16vpa_	50	A	5.393189
d16vpa_	51	D	7.409614
d16vpa_	52	L	5.832249
d16vpa_	53	Y	6.906898
d16vpa_	54	R	3.883684
d16vpa_	55	E	6.741252
d16vpa_	56	C	8.925221
d16vpa_	57	K	6.130554
d16vpa_	58	F	7.867003
d16vpa_	59	L	7.983802
d16vpa_	60	S	8.763707
d16vpa_	61	T	7.570260
d16vpa_	62	L	6.402954
d16vpa_	63	P	5.357787
d16vpa_	64	S	9.472190
d16vpa_	65	D	9.911202
d16vpa_	66	V	12.853015
d16vpa_	67	V	10.184113
d16vpa_	68	E	8.531673
d16vpa_	69	W	11.962454
d16vpa_	70	G	9.374660
d16vpa_	71	D	9.754479
d16vpa_	72	A	11.726865
d16vpa_	73	Y	10.692266
d16vpa_	74	V	6.630247
d16vpa_	75	P	10.354006
d16vpa_	76	E	8.229740
d16vpa_	77	R	12.631120
d16vpa_	78	T	10.475359
d16vpa_	79	Q	12.727531
d16vpa_	80	I	9.554879
d16vpa_	81	D	10.133764
d16vpa_	82	I	10.989901
d16vpa_	83	R	7.314359
d16vpa_	84	A	7.321818
d16vpa_	85	H	10.135246
d16vpa_	86	G	10.035212
d16vpa_	87	D	11.563582
d16vpa_	88	V	8.213087
d16vpa_	89	A	10.791540
d16vpa_	90	F	8.967049
d16vpa_	91	P	8.214466
d16vpa_	92	T	8.692255
d16vpa_	93	L	7.158307
d16vpa_	94	P	5.465345
d16vpa_	95	A	9.331360
d16vpa_	96	T	6.943268
d16vpa_	97	R	7.976038
d16vpa_	98	D	9.666596
d16vpa_	99	G	9.009743
d16vpa_	100	L	6.686902
d16vpa_	101	G	6.473431
d16vpa_	102	L	5.502707
d16vpa_	103	Y	6.245062
d16vpa_	104	Y	4.505473
d16vpa_	105	E	3.372883
d16vpa_	106	A	4.922769
d16vpa_	107	L	4.422255
d16vpa_	108	S	5.709691
d16vpa_	109	R	3.984875
d16vpa_	110	F	5.913856
d16vpa_	111	F	6.587068
d16vpa_	112	H	5.565156
d16vpa_	113	A	4.168400
d16vpa_	114	E	5.948177
d16vpa_	115	L	6.342436
d16vpa_	116	R	3.236810
d16vpa_	117	A	3.314488
d16vpa_	118	R	7.606623
d16vpa_	119	E	6.888069
d16vpa_	120	E	4.353739
d16vpa_	121	S	7.150675
d16vpa_	122	Y	5.857773
d16vpa_	123	R	4.697152
d16vpa_	124	T	4.619460
d16vpa_	125	V	4.683776
d16vpa_	126	L	3.604188
d16vpa_	127	A	4.830664
d16vpa_	128	N	4.591533
d16vpa_	129	F	4.115450
d16vpa_	130	C	3.050799
d16vpa_	131	S	4.053749
d16vpa_	132	A	4.209185
d16vpa_	133	L	3.158195
d16vpa_	134	Y	3.779379
d16vpa_	135	R	2.896775
d16vpa_	136	Y	4.714808
d16vpa_	137	L	2.904164
d16vpa_	138	R	3.643653
d16vpa_	139	A	3.245072
d16vpa_	140	S	4.769739
d16vpa_	141	V	3.102168
d16vpa_	142	R	1.957725
d16vpa_	143	Q	2.676872
d16vpa_	144	L	3.538453
d16vpa_	145	H	4.454357
d16vpa_	146	R	2.119996
d16vpa_	147	Q	4.629973
d16vpa_	148	A	6.004614
d16vpa_	149	H	3.721993
d16vpa_	150	M	4.348520
d16vpa_	151	R	5.120543
d16vpa_	152	G	5.157976
d16vpa_	153	R	7.565289
d16vpa_	154	D	7.359165
d16vpa_	155	R	6.725051
d16vpa_	156	D	6.344997
d16vpa_	157	L	5.230854
d16vpa_	158	G	3.906793
d16vpa_	159	E	2.283915
d16vpa_	160	M	3.894531
d16vpa_	161	L	5.040606
d16vpa_	162	R	5.853337
d16vpa_	163	A	4.488436
d16vpa_	164	T	7.592947
d16vpa_	165	I	7.164012
d16vpa_	166	A	6.950817
d16vpa_	167	D	6.519140
d16vpa_	168	R	5.729924
d16vpa_	169	Y	6.644557
d16vpa_	170	Y	6.393645
d16vpa_	171	R	4.155494
d16vpa_	172	E	4.788591
d16vpa_	173	T	4.470033
d16vpa_	174	A	5.241395
d16vpa_	175	R	4.089954
d16vpa_	176	L	4.079912
d16vpa_	177	A	3.759404
d16vpa_	178	R	4.932599
d16vpa_	179	V	4.559179
d16vpa_	180	L	4.682411
d16vpa_	181	F	4.563459
d16vpa_	182	L	4.322466
d16vpa_	183	H	5.323732
d16vpa_	184	L	4.613849
d16vpa_	185	Y	5.466238
d16vpa_	186	L	5.509569
d16vpa_	187	F	6.522456
d16vpa_	188	L	7.142899
d16vpa_	189	T	9.127773
d16vpa_	190	R	7.910850
d16vpa_	191	E	8.094751
d16vpa_	192	I	8.074553
d16vpa_	193	L	6.618700
d16vpa_	194	W	5.832460
d16vpa_	195	A	5.625945
d16vpa_	196	A	6.930395
d16vpa_	197	Y	6.635924
d16vpa_	198	A	5.511382
d16vpa_	199	E	5.188006
d16vpa_	200	Q	6.841246
d16vpa_	201	M	9.485078
d16vpa_	202	M	9.352470
d16vpa_	203	R	5.560088
d16vpa_	204	P	6.904236
d16vpa_	205	D	7.084083
d16vpa_	206	L	9.381335
d16vpa_	207	F	9.824563
d16vpa_	208	D	8.369608
d16vpa_	209	C	11.565355
d16vpa_	210	L	13.020912
d16vpa_	211	C	14.445635
d16vpa_	212	C	11.469524
d16vpa_	213	D	8.863583
d16vpa_	214	L	7.295811
d16vpa_	215	E	3.478048
d16vpa_	216	S	6.039726
d16vpa_	217	W	5.319144
d16vpa_	218	R	5.629088
d16vpa_	219	Q	4.275184
d16vpa_	220	L	6.203938
d16vpa_	221	A	7.018888
d16vpa_	222	G	6.079898
d16vpa_	223	L	8.405796
d16vpa_	224	F	12.425210
d16vpa_	225	Q	10.554624
d16vpa_	226	P	10.023524
d16vpa_	227	F	6.752293
d16vpa_	228	M	9.807785
d16vpa_	229	F	6.897046
d16vpa_	230	V	5.390870
d16vpa_	231	N	5.396112
d16vpa_	232	G	8.908127
d16vpa_	233	A	10.158681
d16vpa_	234	L	8.075390
d16vpa_	235	T	6.183357
d16vpa_	236	V	8.581888
d16vpa_	237	R	8.493297
d16vpa_	238	G	9.974936
d16vpa_	239	V	5.283576
d16vpa_	240	P	8.422539
d16vpa_	241	I	8.013533
d16vpa_	242	E	6.544686
d16vpa_	243	A	6.847094
d16vpa_	244	R	3.876340
d16vpa_	245	R	6.751932
d16vpa_	246	L	6.039850
d16vpa_	247	R	2.281662
d16vpa_	248	E	3.156123
d16vpa_	249	L	3.991997
d16vpa_	250	N	3.493888
d16vpa_	251	H	2.217830
d16vpa_	252	I	3.276288
d16vpa_	253	R	2.031454
d16vpa_	254	E	1.239535
d16vpa_	255	H	3.213009
d16vpa_	256	L	4.871036
d16vpa_	257	N	1.906541
d16vpa_	258	L	3.628447
d16vpa_	259	P	3.161273
d16vpa_	260	L	7.279615
d16vpa_	261	V	5.623616
d16vpa_	262	R	6.057595
d16vpa_	263	S	8.387161
d16vpa_	264	A	8.684920
d16vpa_	265	A	10.472957
d16vpa_	266	T	8.415257
d16vpa_	267	E	6.932046
d16vpa_	268	E	4.401710
d16vpa_	269	P	9.211016
d16vpa_	270	G	7.333053
d16vpa_	271	A	5.587997
d16vpa_	272	P	9.195599
d16vpa_	273	L	10.961628
d16vpa_	274	T	8.880548
d16vpa_	275	T	5.887909
d16vpa_	276	P	8.027480
d16vpa_	277	P	10.545857
d16vpa_	278	T	10.451699
d16vpa_	279	L	11.030947
d16vpa_	280	H	8.371894
d16vpa_	281	G	8.927376
d16vpa_	282	N	9.058706
d16vpa_	283	Q	9.747417
d16vpa_	284	A	10.286521
d16vpa_	285	R	9.026153
d16vpa_	286	A	9.064816
d16vpa_	287	S	9.038513
d16vpa_	288	G	8.995139
d16vpa_	289	Y	9.133160
d16vpa_	290	F	8.471389
d16vpa_	291	M	8.430773
d16vpa_	292	V	7.429338
d16vpa_	293	L	8.929012
d16vpa_	294	I	9.001122
d16vpa_	295	R	8.717704
d16vpa_	296	A	7.565773
d16vpa_	297	K	8.277460
d16vpa_	298	L	8.983022
d16vpa_	299	D	5.158097
d16vpa_	300	S	6.364942
d16vpa_	301	Y	8.824603
d16vpa_	302	S	7.918462
d16vpa_	303	S	6.107289
d16vpa_	304	A	7.925862
d16vpa_	305	A	8.380013
d16vpa_	306	P	9.158131
d16vpa_	307	R	8.908739
d16vpa_	308	L	10.846655
d16vpa_	309	S	8.028403
d16vpa_	310	F	9.248673
d16vpa_	311	L	1.062562
d1914a1	1	F	1.003293
d1914a1	2	Q	2.860465
d1914a1	3	T	1.399468
d1914a1	4	W	2.203507
d1914a1	5	E	1.031249
d1914a1	6	E	1.845667
d1914a1	7	F	1.207479
d1914a1	8	S	2.059835
d1914a1	9	R	1.012712
d1914a1	10	A	1.262252
d1914a1	11	A	3.073046
d1914a1	12	E	2.164786
d1914a1	13	K	1.134639
d1914a1	14	L	2.307691
d1914a1	15	Y	1.204394
d1914a1	16	L	1.499214
d1914a1	17	A	1.187675
d1914a1	18	D	1.545449
d1914a1	19	P	1.674397
d1914a1	20	M	3.882256
d1914a1	21	K	3.926021
d1914a1	22	V	1.996664
d1914a1	23	R	1.274298
d1914a1	24	V	1.710110
d1914a1	25	V	1.258610
d1914a1	26	L	1.091181
d1914a1	27	K	1.228676
d1914a1	28	Y	2.964134
d1914a1	29	R	1.206255
d1914a1	30	H	1.784597
d1914a1	31	V	1.451809
d1914a1	32	D	2.714522
d1914a1	33	G	2.458493
d1914a1	34	N	1.779064
d1914a1	35	L	1.356980
d1914a1	36	C	1.550550
d1914a1	37	I	1.301489
d1914a1	38	K	1.145559
d1914a1	39	V	1.313777
d1914a1	40	T	1.742880
d1914a1	41	D	4.576252
d1914a1	42	D	2.122342
d1914a1	43	L	1.776974
d1914a1	44	V	1.359076
d1914a1	45	C	1.161335
d1914a1	46	L	1.066592
d1914a1	47	V	1.400386
d1914a1	48	Y	1.071360
d1914a1	49	R	2.437145
d1914a1	50	T	1.537234
d1914a1	51	D	3.878266
d1914a1	52	Q	1.157662
d1914a1	53	A	1.369314
d1914a1	54	Q	1.206577
d1914a1	55	D	2.898623
d1914a1	56	V	1.246194
d1914a1	57	K	1.015893
d1914a1	58	K	2.115707
d1914a1	59	I	1.536530
d1914a1	60	E	1.086361
d1914a1	61	K	1.238669
d1914a1	62	F	2.633488
d1914a1	63	H	1.185631
d1914a1	64	S	1.100010
d1914a1	65	Q	1.517310
d1914a1	66	L	1.594005
d1914a1	67	M	1.228800
d1914a1	68	R	1.464066
d1914a1	69	L	1.949819
d1914a1	70	M	1.629213
d1914a1	71	V	1.422876
d1914a1	72	A	1.831260
d1914a1	73	K	1.532515
d1914a1	74	E	1.440737
d1914a1	75	S	1.588757
d1914a1	76	R	1.884526
d1914a1	77	N	2.596339
d1914a1	78	V	1.005542
d1914a2	1	M	1.001925
d1914a2	2	V	2.932172
d1914a2	3	L	7.013488
d1914a2	4	L	2.512363
d1914a2	5	E	3.597084
d1914a2	6	S	2.239806
d1914a2	7	E	1.255345
d1914a2	8	Q	2.475838
d1914a2	9	F	3.212087
d1914a2	10	L	2.004817
d1914a2	11	T	1.052125
d1914a2	12	E	1.221335
d1914a2	13	L	2.572412
d1914a2	14	T	2.076083
d1914a2	15	R	1.102495
d1914a2	16	L	3.642830
d1914a2	17	F	3.190949
d1914a2	18	Q	1.542894
d1914a2	19	K	2.237826
d1914a2	20	C	5.334430
d1914a2	21	R	3.380131
d1914a2	22	S	3.572060
d1914a2	23	S	3.896253
d1914a2	24	G	4.818220
d1914a2	25	S	4.251032
d1914a2	26	V	1.443826
d1914a2	27	F	3.547477
d1914a2	28	I	1.389445
d1914a2	29	T	2.242604
d1914a2	30	L	1.357384
d1914a2	31	K	2.126486
d1914a2	32	K	3.935673
d1914a2	33	Y	1.917041
d1914a2	34	D	2.341795
d1914a2	35	E	2.409690
d1914a2	36	G	1.684935
d1914a2	37	L	1.708004
d1914a2	38	E	2.403114
d1914a2	39	P	4.690695
d1914a2	40	A	4.954568
d1914a2	41	E	6.155864
d1914a2	42	N	8.994168
d1914a2	43	K	2.210487
d1914a2	44	C	2.628132
d1914a2	45	L	1.372685
d1914a2	46	L	1.672775
d1914a2	47	R	1.094280
d1914a2	48	A	1.650926
d1914a2	49	T	2.223626
d1914a2	50	D	3.715563
d1914a2	51	G	3.024607
d1914a2	52	K	1.232917
d1914a2	53	R	1.198148
d1914a2	54	K	1.156000
d1914a2	55	I	1.277686
d1914a2	56	S	1.254133
d1914a2	57	T	2.270940
d1914a2	58	V	1.700373
d1914a2	59	V	3.045739
d1914a2	60	S	3.035328
d1914a2	61	S	3.305060
d1914a2	62	K	1.342057
d1914a2	63	E	1.382669
d1914a2	64	V	3.444094
d1914a2	65	N	1.372441
d1914a2	66	K	1.359588
d1914a2	67	F	3.920424
d1914a2	68	Q	2.813826
d1914a2	69	M	1.075675
d1914a2	70	A	1.860053
d1914a2	71	Y	3.089404
d1914a2	72	S	1.295503
d1914a2	73	N	1.307517
d1914a2	74	L	2.179955
d1914a2	75	L	2.113214
d1914a2	76	R	1.332287
d1914a2	77	A	1.203317
d1914a2	78	N	3.964039
d1914a2	79	M	2.423807
d1914a2	80	D	1.965444
d1914a2	81	G	1.744232
d1914a2	82	L	2.516873
d1914a2	83	K	3.006987
d1914a2	84	K	3.200699
d1914a2	85	R	1.001696
d1a04a1	1	E	1.009278
d1a04a1	2	R	4.885003
d1a04a1	3	D	4.872863
d1a04a1	4	V	4.623584
d1a04a1	5	N	2.313760
d1a04a1	6	Q	4.103276
d1a04a1	7	L	2.018752
d1a04a1	8	T	1.340629
d1a04a1	9	P	1.051531
d1a04a1	10	R	2.114888
d1a04a1	11	E	1.150880
d1a04a1	12	R	1.982051
d1a04a1	13	D	1.567444
d1a04a1	14	I	1.201608
d1a04a1	15	L	1.077349
d1a04a1	16	K	2.370831
d1a04a1	17	L	2.150053
d1a04a1	18	I	2.450628
d1a04a1	19	A	1.207942
d1a04a1	20	Q	1.526030
d1a04a1	21	G	2.902653
d1a04a1	22	L	1.353749
d1a04a1	23	P	1.301474
d1a04a1	24	N	1.080077
d1a04a1	25	K	1.642752
d1a04a1	26	M	1.327968
d1a04a1	27	I	2.439378
d1a04a1	28	A	1.024271
d1a04a1	29	R	1.012020
d1a04a1	30	R	1.058529
d1a04a1	31	L	1.281697
d1a04a1	32	D	1.018187
d1a04a1	33	I	1.059140
d1a04a1	34	T	1.135988
d1a04a1	35	E	1.021555
d1a04a1	36	S	1.011396
d1a04a1	37	T	1.283080
d1a04a1	38	V	1.202741
d1a04a1	39	K	1.052536
d1a04a1	40	V	1.056879
d1a04a1	41	H	1.245336
d1a04a1	42	V	2.058134
d1a04a1	43	K	1.135046
d1a04a1	44	H	1.545277
d1a04a1	45	M	2.600628
d1a04a1	46	L	1.029077
d1a04a1	47	K	1.075925
d1a04a1	48	K	2.762353
d1a04a1	49	M	2.212471
d1a04a1	50	K	1.113035
d1a04a1	51	L	1.985710
d1a04a1	52	K	2.433743
d1a04a1	53	S	1.807542
d1a04a1	54	R	1.556584
d1a04a1	55	V	2.386566
d1a04a1	56	E	2.642042
d1a04a1	57	A	1.728049
d1a04a1	58	A	2.631313
d1a04a1	59	V	1.542202
d1a04a1	60	W	1.570460
d1a04a1	61	V	2.968745
d1a04a1	62	H	1.888960
d1a04a1	63	Q	1.127292
d1a04a1	64	E	1.507684
d1a04a1	65	R	1.456663
d1a04a1	66	I	3.577246
d1a04a1	67	F	1.010604
